"","country","y","EnergyUse","GDP","pop","co2percap","Lowcarbon_energy","internet","urb"
"6","Algeria",2005,11373.6073800925,10504.8584676293,33149720,3.2119,0.408,1945357,63.83
"13","Argentina",2005,20011.4388859012,19426.4401434847,38892924,4.1507,15.966,6936809,90.031
"19","Australia",2005,64710.3337787083,42217.136349705,20178543,19.2086,4.01,12750509,84.582
"21","Austria",2005,47515.1517806215,49316.2647023136,8253656,9.5797,26.583,4787117,58.813
"22","Azerbaijan",2005,18607.5426634175,7222.03607503781,8538610,4.0155,4.872,685682,52.389
"25","Bangladesh",2005,1906.65401208131,2279.53127370224,139035505,0.271,1.067,346583,26.809
"28","Belgium",2005,64611.8115682632,46341.2896407062,10546885,11.9126,17.767,5887272,97.403
"37","Brazil",2005,13454.8346499856,12565.9413936417,186127108,1.9576,42.735,39295164,82.834
"40","Bulgaria",2005,30213.5324192333,14356.019677453,7686964,6.5899,26.135,1534447,70.584
"45","Canada",2005,97948.2590075665,42046.8695832654,32164313,17.9035,33.538,23137566,80.122
"57","Chile",2005,20384.2322520334,18634.626435638,16182713,3.7649,21.221,5033903,86.783
"58","China",2005,16208.6300987865,5334.6466393818,1330776380,4.4159,5.899,112645367,42.522
"60","Colombia",2005,7385.70497290935,10049.1261807666,42647731,1.4083,33.614,4764564,76.024
"66","Croatia",2005,26301.0563426521,23538.7544252511,4378066,5.3324,17.575,1450888,54.315
"69","Cyprus",2005,25116.2039376951,37803.5755253568,1027656,7.7409,0.007,337175,68.268
"70","Czechia",2005,51182.212452464,30384.4466487841,10258165,12.2516,14.447,3618059,73.602
"73","Denmark",2005,40561.1591620672,51483.273786293,5421701,9.5001,11.447,4485916,85.856
"84","Ecuador",2005,7854.52291394395,9503.69468951352,13825839,2.1676,15.73,823325,61.711
"85","Egypt",2005,9466.81093543558,8397.03244402289,75523576,2.1853,5.064,9789214,43.027
"89","Estonia",2005,44733.5499326457,26093.1591109829,1355650,12.6553,0.47,833046,68.735
"105","Finland",2005,76316.3194821444,44786.9096643071,5258933,10.8477,36.018,3916849,82.905
"108","France",2005,49859.6367694853,41643.9888864457,61120128,6.7984,44.062,26250973,77.13
"114","Germany",2005,47526.0346267493,43884.5352789987,81602739,10.6209,15.925,56116305,75.98
"117","Greece",2005,32017.9854639633,34732.6440722251,11224800,10.1499,4.325,2712289,74.452
"132","Hungary",2005,31761.9917438819,24355.7819172586,10085942,5.9764,13.755,3930695,66.365
"134","Iceland",2005,122404.325321668,48104.6518132004,294976,10.0902,67.457,256632,93.037
"139","India",2005,5230.77691721843,3245.29988504732,1147609924,1.0334,7.531,27322412,29.235
"140","Indonesia",2005,9238.98838871281,6699.27209089739,226289468,1.5422,3.333,8166249,45.942
"141","Iran",2005,28785.2711125178,11998.2148575374,69762345,6.644,2.015,5704167,67.558
"142","Iraq",2005,11417.4749897659,7542.22233395798,26922279,4.1885,4.364,243076,68.766
"143","Ireland",2005,40747.3665056537,57691.5616452959,4141218,11.6284,2.694,1753020,60.477
"145","Israel",2005,30952.6540266374,31239.0068599514,6529470,8.6568,0.041,1663555,91.518
"146","Italy",2005,37386.6600227113,44260.8274173515,58281209,8.6179,6.035,20582969,67.738
"148","Japan",2005,47252.4463373326,37489.8533695016,128326115,10.0554,17.111,85883663,85.978
"150","Kazakhstan",2005,39064.8341526249,16536.0154072377,15402803,13.1015,4.147,460292,56.463
"162","Latvia",2005,23522.4231608108,20175.8162019511,2251996,3.4683,19.814,1035912,68
"173","Lithuania",2005,30968.3725464466,21053.1846048184,3344259,4.2214,31.296,1211288,66.635
"178","Luxembourg",2005,109657.07525185,104025.415860951,457848,26.3996,1.071,320489,86.598
"182","Malaysia",2005,29755.29955511,18114.1441085608,25690615,7.0583,2.186,12477950,66.594
"192","Mexico",2005,19597.7099461886,17788.5891204455,106005199,4.3771,6.738,18668070,76.308
"208","Morocco",2005,5668.50537781882,5227.56263149928,30455563,1.4664,1.958,4603934,55.174
"214","Netherlands",2005,58027.5120203178,49467.4354267059,16367153,10.8096,2.78,13257398,82.63
"217","New Zealand",2005,47626.5140811341,37293.2137650567,4135353,9.0811,33.177,2593703,86.341
"226","North Macedonia",2005,15809.5079649368,11086.1567452985,2060280,5.4259,12.43,544942,57.532
"231","Norway",2005,67485.5904549378,61870.3837851071,4632359,9.365,68.394,3798075,77.675
"238","Pakistan",2005,5550.89289315145,3706.82402332879,160304007,0.8406,13.959,9746067,33.982
"244","Peru",2005,5694.65769173627,7519.02906932011,27866140,1.3254,30.459,4721380,75.034
"245","Philippines",2005,5234.4157086122,5054.23893301697,86326251,0.8488,15.773,4656770,45.71
"246","Poland",2005,28076.7016124141,18937.4751533604,38368957,8.4283,1.027,14888551,61.452
"248","Portugal",2005,29296.0272789677,31076.6441205289,10508494,6.634,7.504,3696946,57.522
"254","Romania",2005,21054.1060719237,16770.6544964025,21417287,4.6812,15.251,4607669,53.174
"255","Russia",2005,52810.7618516831,20042.8135032629,143672125,10.7717,11.62,21868272,73.463
"272","Singapore",2005,58800.8882985033,67125.564640796,4265693,8.5491,0.234,2739536,100
"274","Slovakia",2005,40757.0511522189,20072.3500036399,5398962,7.9261,26.839,2979688,55.563
"275","Slovenia",2005,42401.0893868153,31133.7151910898,1994979,8.4737,30.209,934459,51.533
"279","South Africa",2005,31151.5856287918,11434.9152380948,47880595,8.6867,2.709,3655950,59.536
"283","South Korea",2005,50755.8680264826,28640.7062360909,48701069,10.2578,15.698,35800745,81.345
"290","Spain",2005,37813.7486532188,37963.3658355296,44019118,8.3982,15.254,21087612,77.263
"291","Sri Lanka",2005,5355.72331228855,6944.22676755822,19544988,0.6107,16.257,349889,18.303
"298","Sweden",2005,66420.4102974094,45440.2967492535,9038627,5.9616,62.939,7667464,84.319
"299","Switzerland",2005,40567.9793885129,61613.3910520748,7386818,6.1986,44.996,5194626,73.478
"304","Thailand",2005,17601.6565327582,12304.4020760731,65416189,3.4088,2.064,9830834,37.411
"309","Trinidad and Tobago",2005,144567.603434486,24424.857914511,1296497,29.2666,0.036,375809,54.967
"311","Turkey",2005,14423.1237951185,18251.6691007312,67903461,3.8908,10.801,10497867,67.84
"312","Turkmenistan",2005,46903.2212599366,5629.0698391954,4754652,10.1443,0.005,47416,47.052
"316","Ukraine",2005,35275.9104167141,10957.5582756783,46890775,6.6776,17.025,1758346,67.79
"318","United Kingdom",2005,42872.3656928307,42629.9482187521,60287953,9.454,9.821,42200728,79.915
"319","United States",2005,91254.7913772519,54353.0685764315,294993509,20.7954,12.211,200593775,79.928
"325","Uzbekistan",2005,20927.0589784844,3405.21630793091,26427785,4.4111,3.301,886437,48.537
"329","Vietnam",2005,5722.80254073288,3931.76536810297,83832662,1.1296,12.307,10740887,27.281
"335","World",2005,20550.8683757382,12461.0411344146,6542205330,4.5249,13.016,1029023007,49.1566419393057
"61","Algeria",2006,12001.2182111553,10527.4220783457,33641007,2.9786,0.153,2491454,64.593
"133","Argentina",2006,21550.8756767265,20777.6527103251,39289876,4.4441,16.871,8278569,90.2
"191","Australia",2006,66399.6784867064,42761.4056075413,20526300,19.3554,3.918,13578580,84.7
"211","Austria",2006,47436.5861838723,50767.8484448075,8285344,9.269,27.174,5269091,58.532
"221","Azerbaijan",2006,18137.7845106694,9605.09610840819,8630153,4.5316,4.117,1034948,52.589
"251","Bangladesh",2006,2015.51118705713,2399.08222733303,140921154,0.2958,0.984,1453680,27.517
"27","Belarus",2006,34487.3457509919,13214.87158024,9516884,6.718,0.033,1551157,72.816
"281","Belgium",2006,63621.8199143379,47211.6639573888,10619484,11.6657,17.576,6342005,97.454
"371","Brazil",2006,13771.6077580684,12922.1554849938,188167353,1.9603,43.001,53260636,83.143
"401","Bulgaria",2006,31301.6848918474,15449.4350933122,7631020,6.8004,26.319,2065601,70.932
"451","Canada",2006,95830.5762945481,43358.1823908414,32536994,17.5618,33.349,23635330,80.213
"571","Chile",2006,20994.7177545615,19603.6978289233,16354507,3.9102,21.394,5629961,86.842
"581","China",2006,17621.4698721988,5979.78171182527,1338408644,4.8481,5.875,139874702,43.868
"601","Colombia",2006,7663.22245501314,10586.7948808009,43200901,1.4353,32.736,6725134,76.423
"661","Croatia",2006,26148.6602836964,24708.2992912917,4370782,5.389,16.636,1659991,54.483
"691","Cyprus",2006,25678.1872066019,38930.6130534338,1045508,7.8264,0.012,374606,68.125
"701","Czechia",2006,52236.3326361559,32352.8129664551,10298609,12.2826,14.992,4935969,73.533
"731","Denmark",2006,43358.6291802213,53322.2889991783,5444293,10.9158,9.678,4717489,86.098
"841","Ecuador",2006,7758.42037333228,9757.37510261875,14059379,2.0552,15.394,1005659,61.907
"851","Egypt",2006,9827.20504419784,8814.14605018027,76873670,2.2897,4.906,10676526,43.073
"891","Estonia",2006,43903.6580141222,28798.4026229086,1349373,12.2296,0.559,856939,68.607
"1051","Finland",2006,82710.8948348242,46412.2003478176,5277490,12.9587,32.434,4204112,83.037
"1081","France",2006,48716.2471047466,42367.5698646841,61508924,6.5968,44.606,28868585,77.377
"1141","Germany",2006,48900.1340386708,45610.7818923168,81472235,10.7806,16.636,58839519,76.179
"1171","Greece",2006,31896.7864440388,36585.8395603871,11185231,10.0554,5.007,3656753,74.827
"131","Hong Kong",2006,22479.7396348311,46463.5837078363,6802083,6.1621,0.001,4171109,100
"1321","Hungary",2006,31555.1798891313,25377.0522205332,10055657,5.9311,13.205,4732305,66.895
"1341","Iceland",2006,148096.497027474,49956.8486452996,299727,10.5193,69.839,268287,93.159
"1391","India",2006,5421.18797636719,3453.10566102778,1165486291,1.0809,8.226,32599283,29.569
"1401","Indonesia",2006,9331.38316729437,6974.4456536936,229318262,1.5119,3.063,10951361,46.738
"1411","Iran",2006,29746.7935190648,12456.6098815859,70554756,7.1382,2.353,6239562,68.239
"1421","Iraq",2006,10566.7301043962,7815.42800475568,27448124,3.5691,4.33,263779,68.819
"1431","Ireland",2006,39822.9907096866,58960.2155924038,4230619,11.2522,3.464,2359107,60.738
"1451","Israel",2006,33522.3006563931,32408.3917854463,6680641,9.3028,0.026,1883425,91.58
"1461","Italy",2006,36934.5524982045,44918.1703531499,58542619,8.4877,6.308,22444442,67.856
"1481","Japan",2006,47146.6643764763,37998.1233384906,128422740,9.8687,18.038,88214549,87.118
"1501","Kazakhstan",2006,46668.6873720651,18112.7787011954,15551263,14.2194,3.784,512835,56.536
"1621","Latvia",2006,24582.455822034,22802.3663218124,2225063,3.7347,16.909,1193387,67.967
"1731","Lithuania",2006,31005.7350923222,22977.9966473047,3303329,4.3696,27.309,1450312,66.706
"1781","Luxembourg",2006,106653.293732822,107681.016707959,465611,25.6002,1.273,337573,87.009
"1821","Malaysia",2006,29334.7162612376,18752.5457933406,26201954,6.8234,2.2,13500012,67.483
"1921","Mexico",2006,19754.5473472961,18319.4775627403,107560155,4.4307,6.792,21490032,76.616
"2081","Morocco",2006,5699.13243045564,5558.04905573476,30804689,1.5014,1.898,6103238,55.746
"2141","Netherlands",2006,57279.0574064115,51097.3626113331,16440091,10.4682,2.882,13760466,83.636
"2171","New Zealand",2006,47070.308610142,37902.7517600146,4185881,8.9691,33.299,2888283,86.4
"2261","North Macedonia",2006,16530.0768879549,11639.5430449541,2063132,5.2515,13.444,590472,57.383
"2311","Norway",2006,67846.7908589245,62846.9582138128,4672986,9.4098,65.324,3857619,77.95
"2381","Pakistan",2006,5651.50007664187,3836.49274978763,164022626,0.8763,12.965,10211110,34.184
"2441","Peru",2006,5482.90977012179,8017.25502158318,28102055,1.0117,32.69,5785638,75.421
"2451","Philippines",2006,5103.7504677366,5228.3157413263,87888675,0.7569,18.061,5040775,45.625
"2461","Poland",2006,29505.0546671666,20111.2996235069,38354447,8.794,1.122,17092434,61.341
"2481","Portugal",2006,27799.475258613,31524.7495680309,10542837,6.1584,14.623,4029041,58.137
"2541","Romania",2006,21917.2597552299,18224.7835861993,21234312,4.8597,13.818,5238751,53.305
"2551","Russia",2006,54525.9876012129,21757.4651663444,143403258,11.203,11.332,25831490,73.508
"2721","Singapore",2006,61224.9563942095,70915.9915104292,4402324,9.7777,0.21,2721022,100
"2741","Slovakia",2006,40347.8589085462,21776.1292378063,5398674,7.8829,28.162,3027502,55.412
"2751","Slovenia",2006,42437.6710426396,32817.8881074677,2002427,8.5649,29.062,1082248,51.758
"2791","South Africa",2006,30537.9934218287,11924.0734129115,48489464,9.2107,2.696,3755233,60.077
"2831","South Korea",2006,51317.6903824355,29990.5220008606,48880449,10.3212,15.558,38187655,81.528
"2901","Spain",2006,37147.1648934478,38858.4710684887,44728561,8.0643,16.828,22528250,77.502
"2911","Sri Lanka",2006,5363.01932673865,7419.41386800341,19695977,0.5987,19.934,499143,18.288
"2981","Sweden",2006,64303.1765964558,47292.3136933265,9096170,5.9039,59.719,7982881,84.43
"2991","Switzerland",2006,42090.7335580458,63686.2482388777,7457961,6.0839,46.299,5663425,73.504
"3041","Thailand",2006,17840.3656851718,12837.8779168538,65812539,3.439,2.734,11295897,38.673
"3091","Trinidad and Tobago",2006,160553.414650624,27522.3703712998,1302552,32.5625,0.036,390992,54.779
"3111","Turkey",2006,15756.4057261586,19277.5306892695,68756809,4.0963,10.837,12542445,68.45
"3121","Turkmenistan",2006,47482.9049103618,6174.73802830858,4810114,10.2644,0.005,63473,47.308
"3161","Ukraine",2006,34137.4233542489,11852.6523644491,46607397,7.1377,17.05,2100593,67.969
"3181","United Kingdom",2006,41854.1650240719,43457.7017735188,60821349,9.3318,9.428,41844488,80.199
"3191","United States",2006,89523.6989820548,55368.3597189657,297758977,20.324,12.72,205295950,80.099
"3251","Uzbekistan",2006,21119.4960467377,3614.57737070251,26804067,4.4532,2.997,1717837,49.021
"3291","Vietnam",2006,5809.83513785468,4167.10764825133,84617545,1.1655,15.956,14682703,27.888
"3351","World",2006,20894.9039417479,12941.1872855241,6623819401,4.6172,13.018,1158678340,49.6606544897281
"62","Algeria",2007,12539.2741839371,10717.7844636359,34166976,3.1727,0.15,3241766,65.348
"135","Argentina",2007,21613.0971369209,22424.1177287545,39684303,4.3908,14.09,10370927,90.366
"193","Australia",2007,68248.8767395187,44128.727085347,20916339,19.2159,3.689,14547458,84.822
"212","Austria",2007,46747.833676311,52489.7572106205,8313731,8.9126,29.45,5765884,58.249
"222","Azerbaijan",2007,16416.4118618391,11914.994832597,8724237,3.4913,4.246,1268514,52.79
"252","Bangladesh",2007,2080.037553734,2537.11119756525,142660381,0.2989,0.959,2648505,28.237
"271","Belarus",2007,33935.2587927166,14417.3535308989,9480514,6.6772,0.045,1878762,73.273
"282","Belgium",2007,62068.8821536464,48589.4600517703,10697576,11.2623,18.094,6893685,97.505
"372","Brazil",2007,14402.727238239,13564.9941989629,190130445,2.0542,44.1,58989026,83.448
"402","Bulgaria",2007,31006.8761081346,16583.9587844953,7576675,7.3568,19.943,2545522,71.278
"452","Canada",2007,95521.7203799748,45888.4763265252,32930795,18.058,32.879,24170590,80.396
"572","Chile",2007,21544.628222609,20346.7408564348,16530201,4.276,17.573,5920516,86.9
"582","China",2007,18958.889062384,6795.17401237991,1345993891,5.1847,6.026,213888081,45.199
"602","Colombia",2007,7522.25534570874,11161.5133168718,43737512,1.3759,33.758,9673657,76.816
"662","Croatia",2007,27196.1466696456,25966.0969395053,4362427,5.7001,11.702,1807723,54.651
"692","Cyprus",2007,26658.6962493466,40053.4137891646,1063708,7.9925,0.027,433675,67.982
"702","Czechia",2007,51974.0088891669,33956.2459846788,10357535,12.3878,15.07,5378175,73.463
"732","Denmark",2007,42130.8011626242,53569.0280238008,5469920,9.9921,11.369,4651104,86.293
"842","Ecuador",2007,8631.66041550992,9805.65121285274,14296554,2.3562,18.55,1534189,62.104
"852","Egypt",2007,10343.5994913036,9274.97705396552,78232124,2.3764,5.107,12749822,43.078
"892","Estonia",2007,49353.6262344482,31121.1197640419,1344295,14.8939,0.569,889641,68.479
"1052","Finland",2007,81118.0493351889,48664.265707071,5297741,12.6026,34.084,4279736,83.168
"1082","France",2007,47863.5817974714,43127.2128556843,61869229,6.3913,44.792,40949992,77.621
"1142","Germany",2007,46354.9930349426,47031.2137894261,81277836,10.4779,16.693,61138494,76.378
"1172","Greece",2007,31805.2103562184,37687.4333370451,11120371,10.3047,2.916,4083466,75.199
"1311","Hong Kong",2007,23941.48911123,49043.9481656221,6840017,6.3702,0.001,4470161,100
"1322","Hungary",2007,30912.9630192785,25477.9492943916,10024158,5.8413,14.74,5342732,67.421
"1342","Iceland",2007,171496.344466341,52827.0101225049,305181,11.4558,73.328,276511,93.278
"1392","India",2007,5641.7086812264,3661.95550498043,1183209471,1.1479,8.285,46597409,29.906
"1402","Indonesia",2007,9165.28490346126,7319.43438577559,232374239,1.6708,3.195,13481392,47.535
"1412","Iran",2007,31128.852838203,13324.9078353028,71336476,7.1865,2.136,6821345,68.864
"1422","Iraq",2007,10573.7108979242,7830.67068154782,27911242,2.1916,3.715,264031,68.873
"1432","Ireland",2007,39728.4398975935,60326.6541545205,4324649,11.0214,3.771,2689788,60.94
"1452","Israel",2007,33705.523673765,33666.1433274048,6847148,9.1717,0.024,3331754,91.641
"1462","Italy",2007,36629.5753167742,45356.5367193485,58747862,8.351,6.018,24193981,67.974
"1482","Japan",2007,46667.1688680557,38582.3221861155,128494050,10.1416,16.468,95479401,88.146
"1502","Kazakhstan",2007,49636.7592910241,19500.4789415616,15702112,14.4917,3.572,636822,56.609
"1622","Latvia",2007,25351.2355538386,25294.3887250425,2198089,3.9294,16.534,1300863,67.9
"1732","Lithuania",2007,34043.8154219331,25835.3680157114,3258984,4.8555,28.435,1626785,66.777
"1782","Luxembourg",2007,102040.418651939,114889.17999422,474917,23.8294,1.404,374651,87.409
"1822","Malaysia",2007,31499.4941704955,19546.985916628,26720367,6.8283,1.982,14830596,68.36
"1922","Mexico",2007,19336.0680109718,18462.840123233,109170503,4.3948,6.36,23273144,76.92
"2082","Morocco",2007,5810.26010158624,5687.22735240098,31163670,1.5695,1.929,6713564,56.317
"2142","Netherlands",2007,57090.4867707226,52909.9697572206,16506651,10.4128,3.183,14166355,84.539
"2172","New Zealand",2007,47153.7769023155,38687.8461497115,4233046,8.6598,33.891,2953046,86.34
"2262","North Macedonia",2007,17034.7983013526,12379.370695841,2065408,4.5432,8.212,749761,57.264
"2312","Norway",2007,68177.5867422443,64062.4369139561,4719403,9.6864,67.885,4102790,78.234
"2382","Pakistan",2007,5820.02470738809,3931.17578480943,167808106,0.9287,12.564,10902642,34.387
"2442","Peru",2007,5884.20357038865,8629.26453343658,28333050,1.2236,29.661,7129766,75.803
"2452","Philippines",2007,5027.23743919864,5474.68132696435,89405482,0.7915,15.883,5330821,45.54
"2462","Poland",2007,29393.7598272428,21543.1637013335,38353339,8.779,1.397,18628178,61.229
"2482","Portugal",2007,27940.2189792169,32251.5690977426,10573150,5.9062,15.163,4474218,58.749
"2542","Romania",2007,22144.6467860769,19833.9678688588,21034196,4.8188,14.06,5953219,53.436
"2552","Russia",2007,54775.4960349669,23647.2665058004,143266207,11.1998,11.444,35300825,73.553
"2722","Singapore",2007,54395.8860754666,74159.387383979,4578629,10.3783,0.202,3308037,100
"2742","Slovakia",2007,38616.8884193158,24127.8846772888,5398693,7.59,26.476,3336165,55.261
"2752","Slovenia",2007,42246.7347365522,34912.8471788592,2012128,8.6054,28.487,1142482,51.983
"2792","South Africa",2007,32280.4054555146,12402.0494604229,49119766,9.4626,2.859,4023588,60.616
"2832","South Korea",2007,53090.8084652589,31569.9311989123,49034813,10.664,14.499,38661194,81.631
"2902","Spain",2007,36983.7886695197,39520.8222657597,45429071,8.1126,16.52,25016555,77.74
"2912","Sri Lanka",2007,5427.80426855218,7865.36830357171,19842044,0.6124,16.582,768659,18.272
"2982","Sweden",2007,63640.9346058172,48557.3843477247,9162941,5.7809,61.347,7514776,84.588
"2992","Switzerland",2007,39667.8352355022,65641.7106078648,7536986,5.754,50.114,5836596,73.53
"3042","Thailand",2007,18492.5828964778,13460.0605585001,66182064,3.4663,2.678,13258982,39.95
"3092","Trinidad and Tobago",2007,169996.32640911,28700.8829937237,1308450,34.5711,0.026,422891,54.59
"3112","Turkey",2007,16714.2091932474,20009.688894664,69581854,4.4945,8.29,19925702,69.053
"3122","Turkmenistan",2007,53439.0201866804,6773.09569391502,4870142,11.4761,0.005,68492,47.581
"3162","Ukraine",2007,34845.9271649758,12829.03064807,46366347,7.2545,16.988,3038306,68.147
"3182","United Kingdom",2007,40026.2757490677,44138.5205042745,61455154,9.0999,8.623,46116268,80.479
"3192","United States",2007,90227.4704145111,55873.2447409949,300608425,20.3953,12.468,225446381,80.269
"3252","Uzbekistan",2007,20677.1487576299,3901.05877041586,27204711,4.3784,3.093,2044364,49.505
"3292","Vietnam",2007,6192.83359175182,4422.28537294526,85419588,1.1749,16.528,17826766,28.504
"3352","World",2007,21213.4587803191,13445.2712902526,6706251239,4.6962,12.729,1369818178,50.1550792476756
"63","Algeria",2008,12481.3829013743,10796.9025638468,34730604,3.1394,0.176,3548821,66.097
"136","Argentina",2008,22534.7708176507,23103.4565215341,40080159,4.6932,13.76,11352549,90.53
"194","Australia",2008,69369.0629708413,44835.3614074555,21332293,19.2034,3.437,15296165,84.943
"213","Austria",2008,46893.8861966646,53089.8763414956,8341525,8.808,29.866,6076231,57.966
"223","Azerbaijan",2008,17681.2508809366,12903.1519167445,8821869,4.0184,3.945,1506782,52.99
"253","Bangladesh",2008,2158.32000080053,2659.04923206241,144304164,0.3139,1.149,3720145,28.968
"273","Belarus",2008,34100.361060602,15942.8976797373,9452855,6.9227,0.064,2186686,73.726
"284","Belgium",2008,63437.7790625615,48422.5782305146,10778764,11.1498,17.111,7114254,97.555
"373","Brazil",2008,15054.8120900277,14114.9747702043,192030362,2.1488,43.192,65284806,83.749
"403","Bulgaria",2008,30806.3238644303,17717.1218284588,7524084,7.1875,21.486,2979348,71.622
"453","Canada",2008,95306.4633704492,45851.6302484565,33337638,17.3788,33.894,25621288,80.578
"573","Chile",2008,21110.8710293206,20840.4042140469,16708255,4.2371,19.625,6214904,86.959
"583","China",2008,19455.8749149099,7412.87436349204,1353569480,5.5386,7.523,303837841,46.539
"603","Colombia",2008,7783.36567131937,11393.2022349803,44254972,1.506,32.549,11494795,77.204
"663","Croatia",2008,26517.221981551,26460.8959793295,4352639,5.4217,14.431,1925514,54.819
"693","Cyprus",2008,27779.1671905973,40484.6149094716,1081568,8.057,0.113,457609,67.839
"703","Czechia",2008,50366.1885928619,34580.4433462984,10425267,11.7978,15.649,6563863,73.394
"733","Denmark",2008,40722.6060370746,52982.5317373493,5497731,9.3165,11.504,4674225,86.487
"843","Ecuador",2008,7820.97405567244,10257.3996333732,14535740,2.0345,21.545,2716142,62.3
"853","Egypt",2008,10555.3327802507,9763.50444936789,79636081,2.4457,5.179,14579794,43.058
"893","Estonia",2008,47746.0082642155,29616.6905059021,1340067,13.3392,0.791,945569,68.351
"1053","Finland",2008,77562.486041421,48817.989492787,5319452,11.0193,37.697,4451162,83.299
"1083","France",2008,47806.1149220724,42996.2097818165,62209207,6.2369,45.387,44054538,77.868
"1143","Germany",2008,46948.3419829598,47573.0273603862,81065751,10.5461,17.21,63282136,76.575
"1173","Greece",2008,31930.0889225617,37461.5387708945,11040312,10.0654,3.738,4362305,75.568
"1312","Hong Kong",2008,23333.2520509356,49788.8139701131,6881861,6.2179,0.001,4629195,100
"1323","Hungary",2008,30664.2019735035,25792.7025200493,9991867,5.7295,15.422,6094633,67.943
"1343","Iceland",2008,190195.057716421,52999.4375361804,310855,12.2612,80.334,282904,93.395
"1393","India",2008,5833.13856876326,3720.09264848115,1200669762,1.2183,7.528,52435034,30.246
"1403","Indonesia",2008,9223.75365736462,7657.59471924865,235469755,1.5556,3.437,18697862,48.335
"1413","Iran",2008,32996.4549048172,13213.0956231173,72120608,7.4132,0.868,8756034,69.458
"1423","Iraq",2008,11261.9214144821,8333.31848064969,28385739,3.2341,2.287,291114,68.927
"1433","Ireland",2008,38307.8783056809,56485.699245268,4415871,10.7265,4.833,2933497,61.141
"1453","Israel",2008,36391.7558928962,34065.412547897,7020832,9.6826,0.031,4215152,91.702
"1463","Italy",2008,35908.3964298475,44623.6020153057,58922116,8.1277,7.69,26496412,68.092
"1483","Japan",2008,44873.5934735248,38141.9339734818,128538644,9.5871,15.473,96927083,89.103
"1503","Kazakhstan",2008,51498.6510303838,19770.2166481541,15862126,14.4161,3.067,1760129,56.682
"1623","Latvia",2008,24497.0097027449,24711.1074481853,2171248,3.7757,18.561,1377190,67.834
"1733","Lithuania",2008,34609.8565175561,26784.8800343204,3212867,4.7318,28.737,1775117,66.848
"1783","Luxembourg",2008,100160.277990382,111409.723762355,485403,23.04,1.5,398902,87.8
"1823","Malaysia",2008,32304.2314501874,20103.5041375898,27236003,7.4161,2.436,15127977,69.225
"1923","Mexico",2008,18855.3115344969,18396.8109188439,110815272,4.4487,7.643,24675979,77.222
"2083","Morocco",2008,5961.63046373084,5952.65699617584,31536807,1.6289,1.786,10458559,56.886
"2143","Netherlands",2008,56382.3992117524,53848.2522316971,16568105,10.5541,3.606,14484387,85.402
"2173","New Zealand",2008,47482.072761632,37933.1514651725,4278156,8.8153,32.928,3081677,86.28
"2263","North Macedonia",2008,16992.6201162961,13044.7636415746,2067309,4.4965,7.02,951821,57.175
"2313","Norway",2008,78534.0054594889,63570.3612363011,4771014,9.3978,68.555,4321465,78.526
"2383","Pakistan",2008,5594.28304265407,3908.59900568073,171648984,0.9051,10.617,11455122,34.59
"2443","Peru",2008,6121.99137388029,9341.2310269105,28562321,1.4288,26.715,8755853,76.052
"2453","Philippines",2008,5131.04202585628,5618.48495292549,90901967,0.8504,16.73,5644766,45.455
"2463","Poland",2008,29828.3407115909,22444.9073474414,38356786,8.6153,1.991,20362439,61.116
"2483","Portugal",2008,27182.4662297289,32307.912767932,10595312,5.6745,14.195,4700771,59.359
"2543","Romania",2008,22433.8787776243,22044.3066816204,20829521,4.7327,16.731,6750195,53.567
"2553","Russia",2008,56092.9553183951,24887.8527197651,143248764,11.4271,11.012,38389219,73.598
"2723","Singapore",2008,59244.7983591341,71629.8274365717,4775810,12.055,0.199,3347265,100
"2743","Slovakia",2008,39608.2092149568,25451.1517570416,5399362,7.6626,26.906,3565944,55.111
"2753","Slovenia",2008,44619.9113597281,36081.1286420955,2023049,9.021,30.221,1174232,52.209
"2793","South Africa",2008,34310.2864785307,12628.200837388,49779472,9.9367,2.672,4249742,61.154
"2833","South Korea",2008,53844.3172166064,32275.1252504764,49182458,10.858,14.972,39867378,81.733
"2903","Spain",2008,35196.3156867854,39240.3951876123,46068811,7.3101,18.11,27414692,77.976
"2913","Sri Lanka",2008,5304.37717824434,8274.1753628626,19983984,0.5998,18.48,1156858,18.257
"2983","Sweden",2008,62568.9243622064,47963.4937520407,9236433,5.5094,62.618,8313201,84.746
"2993","Switzerland",2008,40702.5691232956,66598.8593697765,7622826,5.8658,48.647,6055721,73.556
"3043","Thailand",2008,18896.7649929401,13620.5323660986,66530979,3.41,2.725,12111328,41.242
"3093","Trinidad and Tobago",2008,164298.195403549,29538.9110681988,1314449,33.5469,0.028,457749,54.402
"3113","Turkey",2008,16302.6479013815,19933.0672704029,70418612,4.3926,7.75,24210239,69.651
"3123","Turkmenistan",2008,53352.0855612048,7665.45219775881,4935765,11.4809,0.006,86376,47.868
"3163","Ukraine",2008,33850.9943054624,13195.8768378635,46158709,7.0525,17.26,5080507,68.325
"3183","United Kingdom",2008,39099.8334118978,43670.4145844224,62145098,8.7617,8.072,48661550,80.757
"3193","United States",2008,87086.392737796,55271.6574674784,303486022,19.4872,13.232,224496810,80.438
"3253","Uzbekistan",2008,21205.1164840236,4185.55752534968,27626981,4.4536,2.206,2516629,49.989
"3293","Vietnam",2008,6558.48134415443,4628.02965340351,86243424,1.314,15.295,20740506,29.128
"3353","World",2008,21278.521020028,13635.7549664662,6789396380,4.7235,13.093,1558290574,50.6603094541688
"64","Algeria",2009,13417.1127664376,10782.3610927014,35333882,3.4014,0.2,3982805,66.826
"137","Argentina",2009,21693.8734500634,21519.8936160174,40482786,4.4204,15.402,13871798,90.691
"195","Australia",2009,68181.4791067551,44771.4842140369,21750852,18.4508,3.653,16141237,85.063
"215","Austria",2009,44172.4980873927,50957.6063796813,8372657,8.037,32.71,6147793,57.683
"224","Azerbaijan",2009,15516.352654108,13822.0911094279,8924383,3.5696,4.594,2445288,53.19
"256","Bangladesh",2009,2245.44034925661,2762.18047443876,145924795,0.3368,0.481,4664096,29.709
"276","Belarus",2009,32449.2972530614,16010.439955622,9433159,6.4713,0.098,2602075,74.172
"285","Belgium",2009,60436.2484586429,47063.8790649801,10859934,9.9183,19.391,7602203,97.603
"374","Brazil",2009,14423.2620423479,13962.2588783344,193886505,2.0103,46.025,76438210,84.044
"404","Bulgaria",2009,27349.7482699511,17229.8494817825,7473509,6.1303,24.755,3355214,71.963
"454","Canada",2009,90680.5188169282,44003.6170419636,33746093,16.1977,34.29,27133234,80.758
"574","Chile",2009,20333.0626978836,20298.2509246428,16886184,3.9026,20.457,6994316,87.017
"584","China",2009,20683.1818215676,8069.35463837756,1361169410,5.7939,7.185,390747678,47.88
"604","Colombia",2009,7979.43056940221,11395.5621370337,44750054,1.6214,30.024,13624854,77.587
"664","Croatia",2009,25668.6081584026,24548.7918388197,4341261,5.0236,18.668,2195720,54.987
"694","Cyprus",2009,26746.4824891242,38618.0093651325,1098089,7.7121,0.235,546952,67.695
"704","Czechia",2009,46924.0670270289,32782.6123492193,10488155,10.9875,17.074,6756674,73.324
"734","Denmark",2009,38718.7247132269,50114.0500523227,5526389,8.8333,12.123,4799167,86.654
"844","Ecuador",2009,9165.40613054517,10148.8659478336,14774412,2.2,17.949,3614054,62.495
"854","Egypt",2009,10600.6135307753,10031.0329555174,81134789,2.5041,4.533,16493004,43.039
"894","Estonia",2009,42437.6239382847,25390.753967296,1336140,10.8439,2.405,968477,68.223
"1054","Finland",2009,72900.3353405617,44662.100140396,5342266,10.4706,36.232,4407149,83.429
"1084","France",2009,45513.5158611425,41546.4905796298,62542883,5.8941,44.743,44871728,78.117
"1144","Germany",2009,44083.5283927961,44978.1198711897,80899961,9.7688,17.385,63962833,76.771
"1174","Greece",2009,30815.5597637062,35756.2455188034,10959268,9.5221,5.489,4852183,75.932
"1313","Hong Kong",2009,24508.6705082607,48459.9645781681,6924642,6.0046,0.001,4846391,100
"1324","Hungary",2009,28820.3227669329,24102.0136912384,9959439,5.168,17.782,6174544,68.46
"1344","Iceland",2009,196675.857883384,48770.9503367158,316057,11.7943,81.746,293960,93.511
"1394","India",2009,6334.00732652535,3956.35901634772,1217726217,1.3244,6.804,62170631,30.587
"1404","Indonesia",2009,9838.94794549006,7906.26195495465,238620554,1.6845,3.485,16562361,49.134
"1414","Iran",2009,32569.996357208,13199.0186871419,72924833,7.6658,0.766,10168884,70.045
"1424","Iraq",2009,13223.7124059349,8440.26240069173,28973157,3.5539,1.964,316883,68.98
"1434","Ireland",2009,36629.4425863352,53077.386996912,4494572,9.3847,6.027,3077962,61.342
"1454","Israel",2009,33423.1791452922,33568.5936626863,7190037,8.8819,0.1,4587495,91.763
"1464","Italy",2009,33377.1778812094,42074.9212455091,59105622,7.1861,9.94,29123117,68.209
"1484","Japan",2009,42781.0844724984,36080.5172267957,128555196,9.0484,17.73,100281994,89.989
"1504","Kazakhstan",2009,45872.0725470027,19614.7353205278,16043015,13.907,3.122,2945518,56.755
"1624","Latvia",2009,23909.2411012159,21540.0855594708,2144784,3.4764,21.569,1433925,67.814
"1734","Lithuania",2009,32224.780329291,23065.0619581523,3167270,4.1178,34.214,1893658,66.842
"1784","Luxembourg",2009,92478.5494683426,104598.831931338,496536,21.4251,1.479,433301,88.178
"1824","Malaysia",2009,30142.170860195,19442.9853496958,27735038,7.2368,2.406,15431409,70.075
"1924","Mexico",2009,18602.3793446903,17168.9773337976,112463886,4.2316,6.091,30424077,77.52
"2084","Morocco",2009,5930.84164542506,6129.11381821146,31929087,1.5929,4.441,13211827,57.452
"2144","Netherlands",2009,54918.0932322944,51607.6057272318,16626379,10.197,4.084,14902714,86.288
"2174","New Zealand",2009,47371.7584297866,37505.0482758471,4323338,8.0684,36.382,3445815,86.22
"2264","North Macedonia",2009,15824.6648912775,12987.1715790165,2069030,4.1527,10.732,1071169,57.117
"2314","Norway",2009,75410.2991472284,61689.5777152826,4826847,8.964,66.403,4444867,78.815
"2384","Pakistan",2009,5552.9892186673,3930.50817356197,175525610,0.8843,11.207,12528719,34.793
"2444","Peru",2009,6366.56909157726,9368.04546271701,28792663,1.7823,27.018,9106473,76.241
"2454","Philippines",2009,4805.65124407719,5606.59067690613,92414161,0.8277,16.108,8299879,45.371
"2464","Poland",2009,28685.6745961631,23064.9537007667,38351924,8.2614,2.75,22600176,61.004
"2484","Portugal",2009,26795.8302346643,31269.4104613004,10604066,5.3964,17.738,5145879,59.964
"2544","Romania",2009,19916.6784979413,21002.2761402342,20637995,3.9517,18.274,7546172,53.698
"2554","Russia",2009,52698.8615615598,22939.69405447,143326904,10.6676,11.868,41496902,73.642
"2724","Singapore",2009,49517.9381033621,69585.8448836232,4966614,18.1407,0.187,3426207,100
"2744","Slovakia",2009,36130.7601005197,24030.6118201304,5401149,6.9679,26.257,3780503,54.96
"2754","Slovenia",2009,40661.1494953348,33057.4147493548,2033807,7.9539,32.768,1302671,52.433
"2794","South Africa",2009,33169.8700588722,12262.1430334211,50477013,9.9503,2.667,5097082,61.687
"2834","South Korea",2009,54076.7755805949,32363.9686586535,49347450,10.9272,14.535,40293434,81.835
"2904","Spain",2009,32071.9511167388,37430.6785045715,46583566,6.3839,20.351,29001069,78.21
"2914","Sri Lanka",2009,5227.99370417922,8507.59291625497,20123508,0.6433,16.81,1762593,18.242
"2984","Sweden",2009,56791.6216933564,45492.768174936,9313085,5.0737,61.614,8475265,84.902
"2994","Switzerland",2009,40493.9485895289,64404.0798614014,7713902,5.6436,48.25,6290312,73.581
"3044","Thailand",2009,18732.2488926274,13458.5267079765,66866834,3.6232,2.836,13443255,42.543
"3094","Trinidad and Tobago",2009,165269.82420599,28103.2689912234,1320921,33.4769,0.027,585477,54.213
"3114","Turkey",2009,15946.2442793122,18731.5193829907,71321406,4.4217,8.424,25967463,70.241
"3124","Turkmenistan",2009,46174.4338794714,8015.80961742371,5007953,10.018,0.004,97655,48.172
"3164","Ukraine",2009,28924.2124883431,11298.3909564957,45970942,6.0319,18.835,8232930,68.502
"317","United Arab Emirates",2009,88066.5266045484,58374.6153336849,7917368,20.9034,0.002,4906492,83.742
"3184","United Kingdom",2009,36583.1612500234,41558.3008322127,62828620,7.861,10.702,52411010,81.031
"3194","United States",2009,82070.3938823801,53399.3656316179,306307565,17.8847,14.299,217314217,80.606
"3254","Uzbekistan",2009,18514.8562123209,4446.86360649926,28065469,3.7859,3.246,3350481,50.472
"3294","Vietnam",2009,7085.88165456742,4830.30506933291,87092250,1.4174,17.235,23248616,29.762
"3354","World",2009,20889.9206712097,13381.8072889881,6873077808,4.5987,13.356,1742929484,51.1632637216305
